<?xml version="1.0" encoding="UTF-8"?>
<?xml-stylesheet type="text/css" href="student.xsl"?>
<!--<!DOCTYPE items [-->
<!DOCTYPE students [
  <!ELEMENT student (student)+>
  <!ELEMENT student (name,id,department,year,email)>
  <!ELEMENT name (#PCDATA)*>
  <!ELEMENT id (#PCDATA)*>
  <!ELEMENT department (#PCDATA)*>
  <!ELEMENT year (#PCDATA)*>
  <!ELEMENT email (#PCDATA)*>
]>
<students>
   <student>
      <name>arihandh p.c</name>
      <id>ABC21IT01</id>
      <department>INFORMATION TECHNOLOGY</department>
      <year>1ST</year>
      <email>abb@gmail.com</email>
   </student>
   <student>
      <name>rahman .p</name>
      <id>ABC20ME01</id>
      <department>MECHANICAL</department>
      <year>2ST</year>
      <email>bab@gmail.com</email>
   </student>
   <student>
      <name>abhu .c</name>
      <id>ABC21EC01</id>
      <department>ELECTRONICS AND COMMUNICATION</department>
      <year>1ST</year>
      <email>bba@gmail.com</email>
   </student>
   <student>
      <name>sandosh .k p</name>
      <id>ABC21EEE01</id>
      <department>ELECTRICAL AND ELECTRONICS</department>
      <year>1ST</year>
      <email>bbb@gmail.com</email>
   </student>
</students>

