

<html xmlns:foo="http://www.foo.org/" xmlns:bar="http://www.bar.org">
   <body>
      <h2>STUDENTS</h2>
      <table width="100%" cellpadding="0" cellspacing="2" border="2PX">
         <tr bgcolor="#3c8dad" style="font-size:1.5rem;">
            <th style="text-align:left">NAME</th>
            <th style="text-align:left">ID</th>
            <th style="text-align:left">DEPARTMENT</th>
            <th style="text-align:left">YEAR</th>
            <th style="text-align:left">EMAIL</th>
         </tr>
         <tr style="text-transform:uppercase;  font-style: italic;">
            <td>
               <b>arihandh p.c</b>
            </td>
            <td>
               <b>ABC21IT01</b>
            </td>
            <td>
               <b>INFORMATION TECHNOLOGY</b>
            </td>
            <td>
               <b>1ST</b>
            </td>
            <td>
               <b>abb@gmail.com</b>
            </td>
         </tr>
         <tr style="text-transform:uppercase;  font-style: italic;">
            <td>
               <b>rahman .p</b>
            </td>
            <td>
               <b>ABC20ME01</b>
            </td>
            <td>
               <b>MECHANICAL</b>
            </td>
            <td>
               <b>2ST</b>
            </td>
            <td>
               <b>bab@gmail.com</b>
            </td>
         </tr>
         <tr style="text-transform:uppercase;  font-style: italic;">
            <td>
               <b>abhu .c</b>
            </td>
            <td>
               <b>ABC21EC01</b>
            </td>
            <td>
               <b>ELECTRONICS AND COMMUNICATION</b>
            </td>
            <td>
               <b>1ST</b>
            </td>
            <td>
               <b>bba@gmail.com</b>
            </td>
         </tr>
         <tr style="text-transform:uppercase;  font-style: italic;">
            <td>
               <b>sandosh .k p</b>
            </td>
            <td>
               <b>ABC21EEE01</b>
            </td>
            <td>
               <b>ELECTRICAL AND ELECTRONICS</b>
            </td>
            <td>
               <b>1ST</b>
            </td>
            <td>
               <b>bbb@gmail.com</b>
            </td>
         </tr>
      </table>
   </body>
</html>

